site_id,county,agro_ecological_zone,latitude,longitude,elevation_m,annual_rainfall_mm,soil_ph,soil_organic_carbon_pct,total_nitrogen_pct,phosphorus_ppm,potassium_cmol_kg,cec_cmol_kg,clay_pct,sand_pct,silt_pct
KE_00000,Nyeri,II,-0.5868,36.9958,1742.8,1656.6,5.71,2.165,0.1944,4.96,0.369,6.32,52.6,33.72,13.68
KE_00001,Nyeri,II,-0.4842,36.8366,2009.3,1800.4,5.31,2.434,0.2381,7.51,0.471,18.4,52.58,30.04,17.38
KE_00002,Nyeri,II,-0.5732,36.9237,2038.6,1871.3,4.91,2.504,0.2355,7.96,0.82,15.95,32.33,33.42,34.25
KE_00003,Nyeri,II,-0.622,36.8159,2013.0,1889.6,5.25,2.062,0.1715,9.9,0.822,27.37,51.04,26.55,22.41
KE_00004,Nyeri,II,-0.6462,37.1129,2301.5,1511.3,4.92,2.806,0.3377,3.75,0.581,27.84,51.36,38.47,10.17
KE_00005,Nyeri,II,0.0858,36.8099,2071.9,1801.9,5.28,2.446,0.2646,5.07,0.226,17.26,50.95,26.51,22.54
KE_00006,Nyeri,II,-0.3448,37.1217,2112.4,2094.1,5.61,2.449,0.2847,5.8,0.768,20.46,42.06,36.92,21.03
KE_00007,Nyeri,II,-0.8183,36.9998,1902.2,1645.2,5.08,2.319,0.2377,3.96,0.951,21.89,31.61,20.49,47.9
KE_00008,Nyeri,II,-0.4046,36.8831,2615.2,1846.1,5.52,2.383,0.2729,11.06,0.313,17.35,51.19,22.39,26.43
KE_00009,Nyeri,II,-0.2092,37.1568,1925.6,1845.3,5.17,2.45,0.2573,7.02,0.509,25.89,35.22,31.75,33.03
KE_00010,Nyeri,II,-0.3269,36.9239,2557.2,1572.8,5.27,2.807,0.304,15.83,1.235,20.05,43.35,17.92,38.73
KE_00011,Kirinyaga,II,-0.5376,37.3708,2195.3,2127.0,5.31,2.727,0.2925,9.81,0.559,21.14,29.52,29.05,41.42
KE_00012,Kirinyaga,II,-0.8595,37.2962,2191.1,1782.5,5.78,2.609,0.243,3.17,0.78,23.9,45.47,34.37,20.15
KE_00013,Kirinyaga,II,-0.9505,37.1729,1616.7,1977.1,5.56,2.398,0.231,6.93,0.648,25.64,42.21,32.24,25.55
KE_00014,Kirinyaga,II,-0.6095,37.3076,1974.8,1524.3,5.16,2.344,0.205,13.48,0.516,25.81,36.36,18.86,44.78
KE_00015,Kirinyaga,II,-0.8138,37.1225,1993.8,2106.6,5.11,1.499,0.1498,10.35,0.241,14.9,48.96,26.84,24.2
KE_00016,Kirinyaga,II,-0.6497,37.2386,2355.6,1770.9,5.88,2.475,0.2242,2.11,0.707,18.75,51.21,27.67,21.12
KE_00017,Kirinyaga,II,-0.7187,37.3657,2247.2,1765.0,5.57,1.746,0.1717,4.5,0.455,21.19,38.65,25.42,35.93
KE_00018,Kirinyaga,II,-0.6773,37.4248,2380.0,1673.4,5.63,3.467,0.3401,3.43,0.657,19.96,38.48,32.89,28.63
KE_00019,Kirinyaga,II,-0.7322,36.9859,2742.7,1945.1,5.61,3.994,0.4296,9.82,0.637,29.03,49.25,33.24,17.51
KE_00020,Kirinyaga,II,-0.626,37.2594,1812.6,2108.6,5.58,1.828,0.1721,5.03,0.283,22.66,41.56,36.61,21.83
KE_00021,Embu,II,-0.6274,37.5874,2235.2,1611.3,5.98,2.581,0.2952,4.25,0.46,26.48,49.88,27.85,22.26
KE_00022,Embu,II,-0.3474,37.3713,2161.0,1785.1,5.22,2.196,0.2576,15.28,0.605,26.09,42.52,30.27,27.21
KE_00023,Embu,II,-0.5245,37.5493,1996.9,1888.5,5.22,3.002,0.3186,10.15,0.757,21.93,37.82,28.53,33.65
KE_00024,Embu,II,-0.3927,37.4379,2136.0,1764.1,5.94,2.183,0.2485,5.26,0.658,13.31,33.74,22.97,43.29
KE_00025,Embu,II,-0.4924,37.6813,2320.5,1787.9,5.4,2.059,0.174,8.47,0.393,25.12,57.26,27.24,15.5
KE_00026,Embu,II,-0.4355,37.3998,2255.0,1658.6,5.79,2.637,0.2667,16.68,0.84,34.92,38.86,34.11,27.03
KE_00027,Embu,II,-0.2105,37.3388,2347.6,1689.4,4.86,2.916,0.2243,8.57,1.069,27.7,40.38,21.71,37.9
KE_00028,Embu,II,-0.737,37.7347,2214.1,2150.7,5.29,2.548,0.2317,6.52,0.909,12.43,40.2,28.04,31.76
KE_00029,Embu,II,-0.6065,37.5534,2220.3,1774.3,5.61,2.93,0.2918,8.52,0.413,31.31,45.93,36.26,17.82
KE_00030,Embu,II,-0.2299,37.7233,2415.3,2083.0,5.29,3.145,0.2871,13.18,0.16,14.9,28.69,26.11,45.2
KE_00031,Embu,II,-0.3136,37.4711,2400.9,1807.0,5.53,2.393,0.2241,8.79,0.592,9.6,44.29,18.87,36.84
KE_00032,Embu,II,-0.484,37.319,1840.6,1649.7,5.28,3.428,0.2946,5.08,0.402,21.36,36.72,24.12,39.16
KE_00033,Meru,II,-0.1368,37.476,2217.0,1623.5,5.32,1.787,0.1703,7.79,0.406,22.14,47.53,27.75,24.72
KE_00034,Meru,II,0.0748,37.8896,2372.9,2016.4,5.09,2.636,0.2206,5.63,0.825,16.77,43.19,22.6,34.21
KE_00035,Meru,II,0.2244,37.6835,2617.3,1515.6,5.48,2.225,0.1885,5.84,1.143,31.38,49.45,42.59,7.96
KE_00036,Meru,II,-0.2551,37.8101,2472.4,1743.0,5.74,2.394,0.2068,4.82,0.285,29.13,44.67,29.22,26.11
KE_00037,Meru,II,0.0447,37.7177,2429.3,2023.0,5.73,1.527,0.1995,4.05,0.76,23.3,58.67,34.91,6.42
KE_00038,Meru,II,0.0479,37.5186,1892.9,2178.9,4.73,2.026,0.1852,3.01,0.657,18.5,47.09,27.5,25.41
KE_00039,Meru,II,0.2393,37.7197,2408.9,1588.2,5.66,2.742,0.3266,5.15,0.29,23.1,47.83,31.72,20.45
KE_00040,Meru,II,0.1234,37.7213,2862.5,1650.1,4.88,2.263,0.2404,5.17,1.077,25.32,47.36,32.96,19.68
KE_00041,Meru,II,0.3457,37.4131,2503.0,1769.4,4.46,1.255,0.1315,12.1,0.873,32.23,44.74,33.8,21.46
KE_00042,Meru,II,-0.0285,37.7082,3092.9,1641.6,6.14,2.197,0.2255,4.37,0.051,22.33,65.05,20.87,14.08
KE_00043,Meru,II,0.2581,37.579,1749.7,1548.5,6.2,2.759,0.3276,6.53,0.682,19.56,33.38,33.7,32.92
KE_00044,Meru,II,0.0057,37.584,2485.6,1982.0,5.48,2.099,0.1867,5.73,0.482,19.59,41.57,24.69,33.75
KE_00045,Meru,II,-0.1122,37.5406,2432.6,1967.4,5.12,2.708,0.2757,6.16,0.363,12.67,22.72,29.13,48.15
KE_00046,Tharaka-Nithi,II,-0.3388,37.8676,2247.5,1542.6,5.38,2.285,0.2428,3.79,0.729,17.21,43.68,28.0,28.31
KE_00047,Tharaka-Nithi,II,-0.2716,37.9124,1827.8,2030.9,5.34,2.113,0.1667,32.63,0.323,30.33,23.73,13.45,62.82
KE_00048,Tharaka-Nithi,II,-0.3466,37.9206,1981.5,1585.1,5.09,1.845,0.167,9.34,0.407,21.46,45.24,23.07,31.69
KE_00049,Tharaka-Nithi,II,-0.1552,37.8704,1918.8,1588.3,5.69,2.28,0.2445,8.04,0.663,31.88,36.94,23.4,39.66
KE_00050,Tharaka-Nithi,II,-0.4205,38.1547,2036.5,2109.2,5.82,2.048,0.1981,10.99,0.247,29.48,27.64,15.73,56.63
KE_00051,Tharaka-Nithi,II,-0.0242,37.8854,2365.6,2049.0,5.38,2.554,0.2519,4.8,0.495,14.27,45.81,16.59,37.6
KE_00052,Tharaka-Nithi,II,0.1308,37.9976,2259.6,2088.5,5.79,3.233,0.2914,6.35,0.802,24.3,26.04,25.56,48.39
KE_00053,Tharaka-Nithi,II,-0.3852,37.9772,1744.2,1744.8,4.86,1.912,0.2068,24.34,0.524,22.57,46.43,32.25,21.31
KE_00054,Tharaka-Nithi,II,-0.1708,37.7912,2478.8,1952.3,5.12,2.383,0.2739,2.74,0.5,25.0,49.26,20.39,30.35
KE_00055,Tharaka-Nithi,II,-0.4344,38.0616,2389.9,1561.9,5.65,2.489,0.2727,11.4,0.755,29.72,53.5,24.82,21.68
KE_00056,Bungoma,II,0.7662,34.7143,2092.2,1526.8,5.45,1.775,0.1902,8.65,0.453,20.84,43.77,37.5,18.73
KE_00057,Bungoma,II,0.7665,34.1531,2616.6,1913.0,5.97,1.972,0.255,2.0,0.925,30.67,29.76,29.23,41.01
KE_00058,Bungoma,II,0.7475,34.6854,2370.4,1894.4,5.32,1.853,0.1979,10.26,0.557,21.85,40.56,16.76,42.68
KE_00059,Bungoma,II,0.4421,34.5299,1935.1,1787.6,5.47,2.396,0.2188,9.17,0.786,12.45,50.09,26.28,23.62
KE_00060,Bungoma,II,0.4657,34.6803,2558.3,1936.9,5.48,2.325,0.2574,10.12,0.474,19.5,44.17,31.61,24.23
KE_00061,Bungoma,II,0.5775,34.335,2537.7,1867.1,5.47,1.485,0.2096,6.63,0.836,30.27,50.47,27.07,22.46
KE_00062,Bungoma,II,0.3389,34.4526,2509.1,1831.6,5.32,2.463,0.227,6.06,0.626,25.31,45.31,28.3,26.39
KE_00063,Bungoma,II,0.5857,34.6894,2011.1,1996.6,5.45,2.479,0.3017,4.76,0.481,19.21,37.4,30.22,32.38
KE_00064,Trans Nzoia,II,0.9949,34.97,2849.0,1713.9,5.6,2.609,0.2657,7.83,0.612,13.84,50.97,32.52,16.51
KE_00065,Trans Nzoia,II,0.9738,34.9809,1990.0,2048.9,5.42,3.004,0.338,5.34,0.649,28.44,36.79,28.93,34.28
KE_00066,Trans Nzoia,II,1.1993,34.7195,2049.4,1543.0,5.19,2.334,0.2383,5.0,1.07,13.31,27.41,31.08,41.51
KE_00067,Trans Nzoia,II,0.8668,35.0543,2273.0,1591.3,5.92,2.289,0.258,21.14,0.332,12.85,39.46,27.68,32.85
KE_00068,Trans Nzoia,II,0.9838,35.0008,2598.7,1651.4,5.31,2.875,0.281,8.58,0.714,25.42,48.58,32.5,18.92
KE_00069,Trans Nzoia,II,1.0495,35.0544,2004.2,2026.7,5.38,2.587,0.244,6.82,0.242,22.77,39.55,33.88,26.56
KE_00070,Trans Nzoia,II,0.9531,34.6646,1852.5,1502.9,5.12,3.636,0.3284,11.19,0.706,16.2,44.62,27.97,27.41
KE_00071,Trans Nzoia,II,1.2455,35.0796,2371.8,1865.5,5.42,2.265,0.1875,3.83,0.53,32.79,50.13,24.0,25.87
KE_00072,Trans Nzoia,II,1.2299,35.0867,1993.2,1576.5,5.54,2.597,0.2978,13.11,0.466,29.9,46.58,42.53,10.89
KE_00073,Trans Nzoia,II,1.2804,34.9777,1893.2,1526.2,5.19,2.709,0.282,19.68,0.709,22.23,45.96,32.29,21.75
KE_00074,Trans Nzoia,II,0.9814,34.6977,2188.4,2135.8,5.75,1.468,0.1302,7.99,0.862,32.1,41.33,35.55,23.12
KE_00075,Kiambu,III,-1.081,37.004,1861.1,1469.0,5.15,1.331,0.1281,10.95,0.421,31.94,32.68,18.3,49.02
KE_00076,Kiambu,III,-1.5625,36.8908,1426.2,961.2,5.64,2.244,0.2151,4.63,0.669,14.05,53.58,35.33,11.09
KE_00077,Kiambu,III,-1.1685,36.8199,1185.0,1237.1,5.48,1.773,0.1702,4.9,0.112,16.68,48.39,43.33,8.28
KE_00078,Kiambu,III,-1.3655,36.6071,1657.3,1298.2,4.84,1.883,0.194,7.75,0.872,18.9,45.35,19.34,35.31
KE_00079,Kiambu,III,-1.1424,36.6998,1297.5,1314.1,4.72,0.982,0.1041,9.03,0.078,17.6,49.04,32.2,18.76
KE_00080,Kiambu,III,-1.2398,36.7449,1435.1,1504.0,5.21,1.579,0.1294,10.43,0.471,24.24,49.06,29.39,21.56
KE_00081,Kiambu,III,-1.1439,36.9468,1418.3,1482.7,6.1,0.86,0.0837,2.65,0.833,19.99,46.65,23.77,29.58
KE_00082,Kiambu,III,-0.9875,36.9381,1896.6,1486.2,5.64,1.454,0.1744,2.89,0.375,13.96,54.32,37.37,8.32
KE_00083,Kiambu,III,-1.4739,36.9947,1514.6,1283.6,6.6,1.479,0.1527,9.15,0.338,22.02,57.96,32.36,9.68
KE_00084,Murang'a,III,-0.8531,37.037,1638.3,1096.0,5.04,2.009,0.234,10.5,0.744,20.48,48.14,26.68,25.19
KE_00085,Murang'a,III,-0.7901,36.8974,1460.2,1061.6,5.26,1.672,0.1685,17.32,0.793,18.38,32.31,27.06,40.63
KE_00086,Murang'a,III,-0.9304,37.1227,1534.8,1220.8,5.83,0.963,0.1185,16.15,0.581,18.53,45.51,31.3,23.19
KE_00087,Murang'a,III,-0.6041,37.0976,1359.9,1415.3,5.43,1.039,0.1355,5.92,0.788,26.48,39.39,33.62,26.99
KE_00088,Murang'a,III,-0.5121,36.9158,1566.9,977.5,6.56,1.125,0.1263,5.65,0.713,29.35,57.99,17.24,24.77
KE_00089,Murang'a,III,-0.5661,36.7872,1322.2,1199.1,6.36,2.271,0.2391,8.37,0.466,12.26,49.51,20.29,30.2
KE_00090,Murang'a,III,-0.873,37.0104,1931.7,1242.5,5.08,1.732,0.1839,3.45,0.292,26.17,60.57,26.18,13.25
KE_00091,Murang'a,III,-0.7705,36.9379,1148.2,1492.9,5.33,1.668,0.1257,18.05,0.523,29.88,35.28,24.26,40.45
KE_00092,Murang'a,III,-0.7741,37.157,1440.3,1482.7,5.86,1.677,0.1396,9.45,0.746,15.58,37.88,23.07,39.05
KE_00093,Nyandarua,III,-0.171,36.2784,1770.9,1409.7,5.66,1.746,0.1933,7.09,0.05,27.32,26.65,38.33,35.02
KE_00094,Nyandarua,III,0.0861,36.559,1100.6,1045.0,5.49,1.426,0.1633,10.7,0.63,17.67,66.03,34.39,5.0
KE_00095,Nyandarua,III,-0.2574,36.6598,1535.5,1489.3,6.1,1.576,0.1474,6.54,0.583,19.53,47.41,32.6,19.98
KE_00096,Nyandarua,III,-0.2361,36.6149,1064.8,1368.6,6.2,2.058,0.1602,6.66,0.23,25.88,55.99,23.81,20.19
KE_00097,Nyandarua,III,-0.2864,36.6482,1668.4,1075.9,6.31,1.09,0.1036,4.89,0.473,27.7,48.4,34.14,17.46
KE_00098,Nyandarua,III,0.0772,36.3611,1698.5,1086.5,6.78,1.438,0.1588,4.97,0.503,30.22,41.93,40.24,17.83
KE_00099,Nyandarua,III,-0.1114,36.341,1190.4,1140.4,6.13,1.551,0.1362,6.94,1.155,17.88,41.33,33.13,25.54
KE_00100,Nyandarua,III,-0.1136,36.7009,1627.2,1437.6,5.65,1.786,0.2023,6.2,0.505,21.47,46.22,32.12,21.66
KE_00101,Nyandarua,III,-0.5448,36.5054,1523.5,1208.6,5.6,2.004,0.1675,6.86,0.665,26.76,54.82,27.14,18.04
KE_00102,Nyandarua,III,-0.1785,36.4386,1288.0,1170.3,5.69,1.356,0.1427,14.83,0.647,21.24,39.26,28.21,32.53
KE_00103,Nakuru,III,-0.1536,35.9665,1567.1,1256.0,5.5,1.712,0.1808,9.18,1.141,18.14,52.42,28.4,19.18
KE_00104,Nakuru,III,-0.0737,36.1562,1430.8,1370.9,5.84,1.823,0.1601,3.73,0.108,34.34,36.17,26.45,37.37
KE_00105,Nakuru,III,-0.2569,36.2024,1175.8,1116.4,5.81,1.935,0.1823,9.37,0.784,25.98,54.39,29.27,16.35
KE_00106,Nakuru,III,-0.243,35.9823,1595.3,1400.7,5.1,1.798,0.1901,8.07,1.25,25.39,30.91,33.27,35.81
KE_00107,Nakuru,III,-0.1095,36.181,1598.7,1030.5,5.69,1.931,0.2219,6.16,0.387,18.52,49.71,39.69,10.6
KE_00108,Nakuru,III,-0.4824,36.1467,1733.1,1153.8,6.28,1.02,0.0766,10.77,0.507,32.36,41.8,29.57,28.62
KE_00109,Nakuru,III,-0.5158,35.8159,1802.1,1367.6,5.47,1.672,0.1576,4.98,0.646,31.25,61.05,42.43,5.0
KE_00110,Nakuru,III,-0.1494,36.1689,1033.4,1098.2,6.22,2.046,0.2151,7.36,0.969,15.15,43.45,22.98,33.57
KE_00111,Kericho,III,-0.4544,35.2573,1512.2,1413.9,6.05,1.248,0.1263,3.15,0.596,27.1,52.01,30.49,17.5
KE_00112,Kericho,III,-0.2902,35.1547,1535.5,1322.6,5.99,1.367,0.1216,2.0,0.4,22.94,47.66,24.59,27.75
KE_00113,Kericho,III,-0.4081,35.1331,1457.7,1447.9,5.69,1.955,0.2256,3.68,0.116,19.12,50.71,29.22,20.07
KE_00114,Kericho,III,-0.3476,35.2097,1813.6,1219.7,5.26,1.532,0.1382,8.62,1.022,28.96,41.98,31.8,26.22
KE_00115,Kericho,III,-0.3057,35.2823,929.0,1004.6,5.94,1.092,0.118,4.26,0.559,24.82,60.32,35.08,5.0
KE_00116,Kericho,III,-0.3311,35.4974,1750.8,1303.6,5.53,1.162,0.1216,6.19,0.565,21.26,53.95,22.1,23.94
KE_00117,Kericho,III,-0.4123,35.3165,1659.7,1081.8,5.69,1.651,0.1929,8.65,0.391,19.02,39.49,28.6,31.91
KE_00118,Kericho,III,-0.3119,35.5212,1434.3,1245.8,5.42,1.295,0.1298,4.31,0.068,17.12,43.36,18.5,38.14
KE_00119,Kericho,III,-0.1764,35.1769,1179.2,1133.5,5.15,0.496,0.0614,8.77,0.32,26.73,42.82,28.19,28.98
KE_00120,Bomet,III,-0.867,35.2646,1488.7,1413.0,5.87,2.425,0.1914,7.83,0.66,25.13,45.05,29.86,25.1
KE_00121,Bomet,III,-0.6127,35.5569,1587.7,1035.7,6.09,2.075,0.2516,4.31,0.749,23.63,47.43,40.66,11.91
KE_00122,Bomet,III,-0.8305,35.0487,992.6,1338.2,5.46,2.119,0.1977,9.69,0.39,18.61,41.71,23.36,34.92
KE_00123,Bomet,III,-0.6705,35.5306,1631.1,1321.5,5.53,1.761,0.1854,8.73,0.402,29.17,36.03,25.19,38.79
KE_00124,Bomet,III,-0.8614,35.4586,1708.6,1307.4,6.48,1.2,0.0908,12.94,0.271,26.34,50.34,19.52,30.14
KE_00125,Bomet,III,-0.7441,35.4396,1605.4,1254.3,5.31,2.043,0.2069,8.13,0.584,20.87,37.46,26.45,36.09
KE_00126,Bomet,III,-0.8503,35.4546,1523.0,1473.1,5.95,1.226,0.1496,10.37,0.503,24.04,39.83,21.63,38.54
KE_00127,Bomet,III,-1.0678,35.2976,1509.0,1247.5,5.27,1.98,0.2462,10.85,0.438,22.5,41.26,22.86,35.87
KE_00128,Bomet,III,-0.7329,35.5165,1557.5,1042.5,5.9,1.676,0.1788,2.36,0.428,30.84,42.18,34.2,23.62
KE_00129,Bomet,III,-0.4692,35.175,1652.8,1346.4,6.0,1.63,0.1212,5.99,0.05,24.55,46.15,38.35,15.5
KE_00130,Bomet,III,-0.4414,35.3581,1332.6,966.7,5.17,1.355,0.1156,6.12,0.083,24.71,35.08,21.74,43.18
KE_00131,Nandi,III,0.3559,35.1442,1832.7,986.2,5.82,1.476,0.126,5.2,0.264,18.52,51.83,28.92,19.25
KE_00132,Nandi,III,0.2113,35.2749,1208.6,957.5,5.75,1.903,0.164,16.97,0.423,24.06,51.15,33.89,14.96
KE_00133,Nandi,III,0.3398,34.9792,1528.5,1495.4,5.87,1.449,0.1603,9.94,0.871,23.16,38.45,34.44,27.11
KE_00134,Nandi,III,-0.0692,34.9916,1921.7,1415.9,5.27,1.924,0.203,3.52,0.602,24.71,36.4,29.47,34.13
KE_00135,Nandi,III,0.2658,35.2636,1458.0,1217.8,5.66,1.919,0.2136,6.29,0.229,28.29,42.32,22.83,34.85
KE_00136,Nandi,III,0.3497,35.1457,1242.6,1257.8,5.17,2.476,0.2595,6.66,0.514,30.38,69.7,31.14,5.0
KE_00137,Nandi,III,0.1588,35.1906,1604.5,1272.7,5.5,1.254,0.1449,14.54,0.628,31.09,61.29,28.2,10.52
KE_00138,Nandi,III,-0.0831,34.9084,1523.7,1121.0,5.23,1.618,0.1529,5.25,0.05,22.75,44.89,21.97,33.15
KE_00139,Nandi,III,0.0207,35.1755,1169.5,966.5,5.86,1.093,0.0994,5.38,0.855,25.26,51.79,28.21,20.0
KE_00140,Nandi,III,0.0148,35.2379,1860.0,1369.6,5.77,1.73,0.1491,10.69,0.814,15.71,35.39,26.67,37.94
KE_00141,Nandi,III,0.0779,35.1942,1992.0,1434.6,5.81,1.703,0.1669,4.89,0.076,17.93,45.61,25.47,28.93
KE_00142,Nandi,III,0.1848,35.2241,1292.1,1000.0,6.36,1.567,0.1388,2.35,1.084,26.45,46.5,37.54,15.96
KE_00143,Uasin Gishu,III,0.5068,35.3128,1402.9,1417.6,6.3,2.066,0.2371,9.97,0.05,25.94,46.56,27.87,25.57
KE_00144,Uasin Gishu,III,0.6836,35.4121,1608.0,1318.6,5.4,2.058,0.1823,12.37,0.728,26.35,49.13,23.51,27.36
KE_00145,Uasin Gishu,III,0.6351,35.3831,1423.0,1329.7,5.88,1.293,0.1308,6.33,0.414,17.95,43.84,22.45,33.7
KE_00146,Uasin Gishu,III,0.231,35.302,1451.5,1035.9,5.7,1.528,0.1275,2.66,0.409,17.39,37.48,33.81,28.71
KE_00147,Uasin Gishu,III,0.4753,34.9694,1377.1,1076.7,5.71,0.939,0.1115,2.0,0.646,32.8,54.91,29.47,15.62
KE_00148,Uasin Gishu,III,0.6361,35.124,1538.1,1409.5,6.25,1.138,0.127,6.88,0.158,17.83,41.73,24.33,33.94
KE_00149,Uasin Gishu,III,0.3916,35.4382,1295.2,931.3,5.71,1.982,0.1532,11.45,0.383,18.05,42.57,18.58,38.85
KE_00150,Uasin Gishu,III,0.4436,35.4012,1731.6,1379.1,6.08,1.509,0.1865,8.19,0.454,7.37,43.93,37.96,18.11
KE_00151,Uasin Gishu,III,0.6598,35.4554,926.0,1449.7,6.12,1.681,0.175,6.42,0.487,22.0,49.81,17.89,32.3
KE_00152,Uasin Gishu,III,0.4324,35.0869,1704.5,1190.5,5.57,1.441,0.158,13.02,0.581,26.02,36.43,17.12,46.45
KE_00153,Uasin Gishu,III,0.5715,35.1347,1249.5,1388.5,5.15,2.219,0.1876,5.73,0.751,18.74,43.7,28.29,28.02
KE_00154,Uasin Gishu,III,0.6261,35.193,1636.8,912.3,5.25,1.513,0.1191,29.69,0.796,21.88,42.9,28.16,28.95
KE_00155,Vihiga,III,0.0347,34.9568,1179.9,1083.7,5.57,1.693,0.1516,2.8,0.262,20.43,34.7,19.56,45.75
KE_00156,Vihiga,III,-0.052,34.8317,1333.4,1356.2,6.44,1.836,0.2314,9.54,1.086,24.23,54.23,21.46,24.31
KE_00157,Vihiga,III,0.1218,34.7445,1581.4,1260.6,5.68,1.94,0.2497,7.81,0.202,29.75,55.79,38.29,5.92
KE_00158,Vihiga,III,0.1744,34.5921,1515.6,1256.7,5.32,1.609,0.1908,9.08,0.342,29.46,37.81,23.06,39.13
KE_00159,Vihiga,III,0.2422,34.8891,1892.1,1414.7,5.69,1.56,0.1382,4.59,0.913,25.93,46.48,29.97,23.55
KE_00160,Vihiga,III,0.0495,34.5249,1295.3,1256.8,6.15,1.721,0.154,7.02,0.646,31.7,36.21,30.0,33.79
KE_00161,Vihiga,III,-0.3136,34.7147,1420.6,1428.9,5.75,1.929,0.1671,4.26,0.929,16.98,57.67,35.35,6.98
KE_00162,Vihiga,III,-0.0344,34.8792,1169.2,1122.2,5.61,1.722,0.2059,5.02,0.917,30.2,46.87,28.42,24.71
KE_00163,Vihiga,III,-0.0161,34.8361,1140.1,1111.7,5.61,1.597,0.1667,27.04,0.523,21.49,39.62,33.48,26.9
KE_00164,Vihiga,III,-0.201,34.9635,1381.6,1430.6,5.96,1.777,0.1495,19.17,0.468,10.4,58.51,34.48,7.01
KE_00165,Vihiga,III,0.0423,34.5554,1521.6,1437.6,6.14,1.865,0.2209,2.98,0.653,16.84,36.76,24.99,38.25
KE_00166,Vihiga,III,-0.1322,34.9298,2108.6,1109.1,6.11,1.339,0.1634,2.0,0.912,21.0,50.33,39.68,9.99
KE_00167,Vihiga,III,-0.0225,34.7421,1379.7,1123.2,5.96,1.998,0.1624,4.89,0.359,26.87,55.7,38.38,5.92
KE_00168,Kakamega,III,0.1227,34.5723,1595.8,1328.0,5.88,1.913,0.2123,16.76,0.17,18.41,46.83,40.62,12.56
KE_00169,Kakamega,III,0.354,34.6666,1748.9,1290.6,5.1,2.021,0.213,7.12,0.361,8.14,46.26,35.57,18.17
KE_00170,Kakamega,III,0.4044,34.7409,1522.0,1352.0,5.87,1.936,0.1638,3.2,0.294,28.35,52.5,32.44,15.06
KE_00171,Kakamega,III,-0.0767,34.7408,1829.9,1060.5,6.04,1.482,0.1676,6.73,0.714,26.64,36.99,29.35,33.66
KE_00172,Kakamega,III,0.5549,34.758,1693.0,1439.2,5.49,0.739,0.074,3.57,0.347,24.26,51.48,23.45,25.07
KE_00173,Kakamega,III,0.4487,35.0422,1462.1,1397.0,5.76,0.89,0.0862,14.78,0.221,29.31,38.05,23.2,38.74
KE_00174,Kakamega,III,0.1765,34.8918,1376.3,1154.5,6.19,1.538,0.1756,16.05,0.887,14.89,49.17,38.64,12.19
KE_00175,Kakamega,III,0.2379,34.6728,1084.7,1112.3,5.68,1.613,0.133,17.31,0.447,18.14,58.61,20.24,21.15
KE_00176,Kakamega,III,0.1577,34.6526,1811.9,1188.0,5.3,1.683,0.176,6.64,0.646,23.18,38.5,38.49,23.01
KE_00177,Busia,III,0.6662,34.2533,1374.8,1105.6,6.55,1.943,0.2139,25.45,0.356,13.33,56.44,28.99,14.56
KE_00178,Busia,III,0.5532,34.0856,1574.3,1270.8,6.28,1.267,0.1421,19.36,0.597,26.37,42.42,29.83,27.76
KE_00179,Busia,III,0.037,34.1974,1674.4,1505.9,5.09,2.088,0.1944,13.18,0.728,21.56,43.06,26.28,30.66
KE_00180,Busia,III,0.2489,34.0542,1523.1,1226.8,6.21,1.907,0.1785,2.33,0.586,19.15,55.61,16.26,28.13
KE_00181,Busia,III,0.401,34.3305,1380.1,1045.5,6.13,1.432,0.1782,13.15,0.709,41.56,44.58,30.68,24.74
KE_00182,Busia,III,0.4604,33.7047,1521.3,1343.1,5.87,0.934,0.1085,12.56,0.348,21.83,43.77,38.41,17.82
KE_00183,Busia,III,0.5813,34.192,1862.3,1192.3,6.01,0.951,0.1078,5.19,0.742,25.37,49.85,18.3,31.85
KE_00184,Busia,III,0.3249,33.9949,1041.0,1111.0,6.11,2.179,0.2525,5.14,0.081,20.72,44.7,25.43,29.87
KE_00185,Busia,III,0.6992,34.0142,1354.9,1078.8,5.53,1.848,0.1912,4.65,0.841,9.63,49.41,39.01,11.59
KE_00186,Busia,III,0.6278,34.3851,1374.2,995.0,5.29,1.397,0.1201,14.33,0.403,23.55,45.31,38.49,16.21
KE_00187,Busia,III,0.5172,34.2287,1599.5,1153.8,5.96,1.812,0.1671,6.81,1.083,21.39,50.8,28.07,21.13
KE_00188,Busia,III,0.5038,34.0463,1768.3,1339.5,6.23,1.768,0.1789,5.96,0.691,25.81,47.86,34.41,17.73
KE_00189,Busia,III,0.4263,34.3538,1231.6,1420.4,5.59,1.707,0.1533,5.62,0.904,20.04,44.92,40.3,14.78
KE_00190,Siaya,III,0.0556,34.2967,1654.9,978.6,6.08,1.798,0.1491,4.85,0.653,29.2,41.06,14.86,44.07
KE_00191,Siaya,III,-0.0333,34.1096,1667.1,1149.3,5.45,2.305,0.2421,10.32,0.316,20.79,44.95,32.19,22.86
KE_00192,Siaya,III,-0.0481,34.3003,1380.1,1413.5,5.87,1.9,0.1977,8.93,0.385,30.42,50.58,24.9,24.52
KE_00193,Siaya,III,0.1065,34.3575,1337.0,1465.8,6.28,1.914,0.2005,3.76,0.699,32.86,43.26,22.07,34.68
KE_00194,Siaya,III,-0.1014,34.1703,1713.6,1093.7,5.64,1.051,0.0876,4.05,0.98,25.06,53.24,23.4,23.36
KE_00195,Siaya,III,-0.1018,34.4215,1656.4,1423.8,6.14,1.273,0.1311,9.22,0.258,27.09,35.14,31.87,32.99
KE_00196,Siaya,III,-0.0425,34.3753,1424.5,970.1,6.27,1.416,0.1273,8.61,0.209,22.57,42.89,32.75,24.35
KE_00197,Siaya,III,0.0126,34.3978,1466.4,1431.5,5.96,1.317,0.1116,10.99,0.753,15.9,43.05,27.72,29.23
KE_00198,Siaya,III,0.1121,34.5027,1761.3,1086.0,5.98,2.134,0.1803,8.81,0.873,34.07,53.19,29.75,17.07
KE_00199,Kisumu,III,-0.063,34.6776,1160.6,1328.0,5.86,2.261,0.2781,2.86,0.25,31.1,55.81,10.38,33.81
KE_00200,Kisumu,III,0.0791,34.7652,1588.7,1203.8,5.99,1.975,0.1632,7.88,0.763,22.94,41.11,39.26,19.63
KE_00201,Kisumu,III,-0.1453,34.9597,1679.4,1065.1,5.49,1.855,0.1522,6.27,0.283,33.44,41.29,29.7,29.0
KE_00202,Kisumu,III,0.0856,34.813,2140.6,1308.6,5.58,1.678,0.173,7.9,0.785,26.86,36.38,28.29,35.33
KE_00203,Kisumu,III,0.0899,34.6925,1016.1,1428.9,5.57,1.875,0.185,9.9,0.639,19.34,47.63,22.26,30.11
KE_00204,Kisumu,III,0.1535,34.6171,1379.0,1455.4,4.96,1.442,0.1387,4.65,0.59,29.39,24.7,25.12,50.18
KE_00205,Kisumu,III,-0.2805,34.8558,1752.0,947.8,6.14,1.058,0.1159,11.63,0.975,21.54,35.26,23.06,41.68
KE_00206,Kisumu,III,-0.0745,34.7528,1647.3,1191.7,5.78,1.201,0.1234,5.05,0.327,23.31,45.17,20.45,34.39
KE_00207,Homa Bay,III,-0.7047,34.3751,1586.2,1217.6,6.38,2.099,0.1976,5.93,0.864,18.84,29.29,24.56,46.16
KE_00208,Homa Bay,III,-0.4877,34.2617,1321.2,1335.2,5.64,1.718,0.1479,4.09,0.701,14.25,47.33,21.64,31.03
KE_00209,Homa Bay,III,-0.4607,34.3854,1255.5,1074.0,5.79,2.087,0.1925,7.49,0.389,24.41,48.75,31.64,19.61
KE_00210,Homa Bay,III,-0.6294,34.3485,1493.2,1405.6,5.35,1.814,0.2118,6.41,0.304,17.71,42.91,33.8,23.29
KE_00211,Homa Bay,III,-0.6254,34.3401,1222.5,1382.5,4.85,1.357,0.1396,22.35,0.25,29.03,42.08,23.8,34.12
KE_00212,Homa Bay,III,-0.1655,34.4832,1363.4,1466.1,7.27,0.766,0.1043,2.75,0.525,23.5,37.85,22.3,39.85
KE_00213,Homa Bay,III,-0.3438,34.3769,1534.5,1149.6,5.84,1.308,0.1476,10.9,0.628,18.16,43.67,38.74,17.59
KE_00214,Homa Bay,III,-0.6324,34.2693,1254.8,969.3,5.8,1.554,0.1644,3.46,0.887,23.99,49.27,21.26,29.47
KE_00215,Homa Bay,III,-0.3783,34.6058,1621.2,1274.4,5.61,0.944,0.0846,5.27,0.311,15.43,47.39,27.61,25.0
KE_00216,Homa Bay,III,-0.7744,34.4515,1111.6,1245.2,6.01,1.787,0.2228,9.81,0.775,25.81,36.06,16.05,47.89
KE_00217,Homa Bay,III,-0.5675,34.5391,1093.8,1305.3,5.46,1.388,0.1244,8.01,1.028,21.62,30.19,33.46,36.34
KE_00218,Homa Bay,III,-0.7084,34.4142,1626.6,1041.5,5.74,2.105,0.2154,21.95,0.802,20.7,51.87,31.27,16.86
KE_00219,Kisii,III,-0.7907,34.7327,1897.6,1281.5,5.61,1.879,0.2065,5.61,0.719,23.76,48.02,30.75,21.23
KE_00220,Kisii,III,-0.75,34.5411,1536.7,1369.2,5.53,0.998,0.1206,3.66,0.655,25.87,47.45,26.23,26.33
KE_00221,Kisii,III,-0.6599,34.7985,1609.1,1039.5,5.45,1.713,0.1587,7.56,0.809,20.19,42.87,38.46,18.67
KE_00222,Kisii,III,-0.7882,34.9045,1309.4,1058.1,5.4,1.856,0.1731,11.05,0.29,12.79,53.73,22.96,23.32
KE_00223,Kisii,III,-0.4485,34.7805,1632.5,1005.2,6.24,1.895,0.2119,6.51,0.527,27.47,43.87,27.55,28.58
KE_00224,Kisii,III,-0.6498,35.0163,1221.3,1218.7,5.42,1.786,0.1275,7.41,0.221,18.75,47.25,21.86,30.89
KE_00225,Kisii,III,-1.0194,34.6705,1433.6,1109.1,5.59,1.512,0.1673,3.47,0.071,23.81,51.02,25.22,23.75
KE_00226,Kisii,III,-0.6806,35.0068,1798.3,1197.7,5.05,1.8,0.1567,7.65,0.848,25.23,51.64,20.54,27.81
KE_00227,Kisii,III,-0.7894,34.6703,1344.0,1414.3,6.21,1.476,0.1449,17.02,0.54,7.97,34.07,21.26,44.68
KE_00228,Kisii,III,-0.6967,34.3645,1443.8,1440.7,5.84,0.901,0.1206,12.29,0.878,28.5,40.47,23.95,35.59
KE_00229,Kisii,III,-0.5856,34.6934,1297.0,1439.2,5.34,1.211,0.089,6.35,0.594,24.6,50.38,20.31,29.32
KE_00230,Kisii,III,-0.8266,34.9819,1445.9,1334.3,6.22,1.376,0.1422,3.48,0.523,17.8,36.46,25.4,38.14
KE_00231,Nyamira,III,-0.5796,34.8005,1578.3,1155.9,5.39,1.596,0.1493,3.74,0.192,14.58,45.88,37.3,16.82
KE_00232,Nyamira,III,-0.654,35.0034,1694.0,1007.9,5.16,2.279,0.1789,6.59,0.496,16.33,49.87,18.78,31.35
KE_00233,Nyamira,III,-0.7133,34.8221,1723.4,1199.1,5.24,1.807,0.2138,3.6,0.517,17.32,55.64,19.62,24.73
KE_00234,Nyamira,III,-0.4291,35.2094,1606.4,1417.9,4.97,1.074,0.122,10.71,0.129,19.77,48.5,29.3,22.21
KE_00235,Nyamira,III,-0.5297,35.1268,1880.8,1398.6,5.41,1.835,0.1503,11.98,0.713,29.1,35.58,39.67,24.75
KE_00236,Nyamira,III,-0.4527,35.2023,1812.4,1213.5,5.39,1.892,0.1586,15.89,0.774,23.7,37.1,22.07,40.83
KE_00237,Nyamira,III,-0.4461,34.9291,1186.3,1123.1,5.69,1.526,0.1205,3.67,1.078,14.32,46.52,35.05,18.43
KE_00238,Nyamira,III,-0.5353,35.0757,1035.5,1237.0,5.7,1.679,0.1492,6.29,0.793,24.65,39.13,29.6,31.26
KE_00239,Nyamira,III,-0.4725,34.9797,1511.5,1421.2,6.16,1.554,0.1269,4.12,0.422,29.12,56.49,26.33,17.18
KE_00240,Migori,III,-0.9681,34.5175,1556.6,1408.0,4.42,1.873,0.195,3.81,0.334,25.5,29.76,37.33,32.91
KE_00241,Migori,III,-0.8292,34.3109,1435.6,1477.7,5.16,1.147,0.0949,4.33,0.554,10.22,41.84,14.09,44.07
KE_00242,Migori,III,-0.8909,34.4688,1774.2,1246.2,6.27,1.937,0.1763,2.71,0.718,20.06,55.64,32.76,11.6
KE_00243,Migori,III,-1.1761,34.6312,1616.3,1201.6,5.98,1.712,0.1578,3.87,0.335,27.53,38.97,35.13,25.9
KE_00244,Migori,III,-1.0666,34.5402,1602.8,984.5,5.63,1.616,0.1544,17.94,0.198,16.21,48.41,28.27,23.32
KE_00245,Migori,III,-1.1679,34.6484,973.3,1519.7,5.79,1.394,0.1741,10.17,0.647,14.86,53.7,33.73,12.57
KE_00246,Migori,III,-1.1611,34.6304,2054.6,1300.9,5.49,1.278,0.1101,6.98,0.419,23.85,44.76,22.32,32.92
KE_00247,Migori,III,-1.2087,34.1376,1268.1,1158.7,5.86,1.392,0.1211,3.84,0.616,19.59,50.84,31.38,17.78
KE_00248,Migori,III,-1.0467,34.4113,1541.9,1310.9,5.6,1.468,0.1297,23.03,0.684,15.45,47.3,35.43,17.26
KE_00249,Migori,III,-0.8569,34.2426,1095.3,1228.2,4.91,1.027,0.0952,3.03,0.347,25.57,36.86,21.12,42.02
KE_00250,Migori,III,-0.8727,34.5392,1161.1,1220.2,5.5,0.982,0.1244,2.19,0.818,20.22,45.55,26.76,27.69
KE_00251,Migori,III,-1.0084,34.508,1403.0,1401.5,5.15,1.344,0.1264,6.75,0.783,20.18,44.73,31.94,23.34
KE_00252,Migori,III,-1.1077,34.2975,1341.2,945.6,5.69,1.774,0.2021,11.22,0.473,8.94,50.93,31.02,18.05
KE_00253,Elgeyo-Marakwet,III,0.7493,35.4596,1544.2,1080.9,6.52,2.036,0.1709,4.51,0.602,22.76,39.12,35.09,25.78
KE_00254,Elgeyo-Marakwet,III,0.912,35.4903,1532.8,982.0,5.17,1.435,0.1704,5.21,0.805,12.17,45.96,30.23,23.81
KE_00255,Elgeyo-Marakwet,III,0.7799,35.3282,1358.5,1289.7,6.25,1.479,0.1169,7.46,0.727,16.5,54.07,18.24,27.68
KE_00256,Elgeyo-Marakwet,III,0.9231,35.636,1074.5,1275.3,5.68,1.527,0.1399,9.44,0.513,19.02,49.77,17.31,32.93
KE_00257,Elgeyo-Marakwet,III,0.7404,35.6417,1776.0,1403.3,5.0,1.774,0.2081,7.68,0.508,20.5,36.44,12.53,51.03
KE_00258,Elgeyo-Marakwet,III,0.8536,35.4809,1565.9,995.4,6.35,1.367,0.1342,2.0,0.47,28.86,31.14,19.74,49.12
KE_00259,Elgeyo-Marakwet,III,1.2155,35.2763,1707.0,1284.0,5.38,1.58,0.1741,2.64,0.708,25.69,59.23,32.6,8.17
KE_00260,Elgeyo-Marakwet,III,0.7907,35.8462,1410.0,1007.3,5.07,1.739,0.1843,6.97,0.543,27.96,37.73,28.45,33.82
KE_00261,Elgeyo-Marakwet,III,0.6963,35.4707,1390.3,1228.4,6.18,1.983,0.1748,12.24,0.646,29.52,48.13,38.91,12.96
KE_00262,Elgeyo-Marakwet,III,0.8517,35.604,1523.5,1024.5,5.44,1.274,0.1195,2.74,1.066,17.65,46.6,17.58,35.82
KE_00263,Elgeyo-Marakwet,III,0.7221,35.2455,1612.7,1428.6,5.94,2.521,0.2538,9.31,0.65,25.9,42.09,26.06,31.85
KE_00264,Elgeyo-Marakwet,III,0.7589,35.4251,1324.9,1484.0,5.7,1.913,0.2033,4.3,0.177,25.36,46.5,35.03,18.47
KE_00265,Machakos,IV,-1.5827,37.1295,1132.7,585.0,5.78,0.756,0.0787,6.77,0.346,8.78,45.31,40.09,14.6
KE_00266,Machakos,IV,-1.4434,37.3451,972.3,645.4,6.5,1.371,0.1249,10.94,0.628,19.01,27.22,41.45,31.32
KE_00267,Machakos,IV,-1.0779,37.1281,963.3,972.5,6.5,1.131,0.0925,7.71,0.821,15.77,28.77,33.98,37.25
KE_00268,Machakos,IV,-1.5748,37.2388,1646.0,588.1,6.23,1.075,0.0904,17.61,0.424,11.2,33.42,50.12,16.45
KE_00269,Machakos,IV,-1.7264,37.4159,1265.8,946.0,6.79,0.633,0.0822,8.69,0.116,11.17,12.82,43.6,43.58
KE_00270,Machakos,IV,-1.5809,37.1463,1304.3,523.0,6.75,0.846,0.0774,7.92,0.73,19.82,43.6,40.48,15.92
KE_00271,Machakos,IV,-1.4877,37.0139,938.9,581.5,5.67,0.799,0.0753,2.07,0.251,15.44,40.74,20.58,38.68
KE_00272,Machakos,IV,-1.4513,37.3967,916.4,574.8,6.57,0.748,0.0961,19.46,0.114,20.66,31.47,41.03,27.5
KE_00273,Makueni,IV,-1.7322,37.7259,1063.9,593.6,6.38,0.701,0.0687,4.76,0.228,22.28,38.46,39.15,22.39
KE_00274,Makueni,IV,-1.8901,37.788,1044.9,725.2,7.32,1.083,0.1074,11.58,0.194,16.44,27.5,28.63,43.87
KE_00275,Makueni,IV,-1.8828,37.7785,1106.4,890.3,5.92,0.469,0.05,17.32,0.525,14.92,39.33,34.22,26.45
KE_00276,Makueni,IV,-1.9624,37.4652,1266.1,674.1,6.02,1.095,0.0842,13.34,0.483,10.98,32.68,38.38,28.94
KE_00277,Makueni,IV,-1.5685,37.6343,930.6,962.5,6.41,0.702,0.0566,17.46,0.05,17.44,25.06,35.9,39.04
KE_00278,Makueni,IV,-1.5871,37.6264,1159.8,839.9,6.51,0.743,0.0716,7.37,0.576,14.33,35.3,44.46,20.24
KE_00279,Makueni,IV,-1.7435,37.5416,867.6,553.0,6.39,0.799,0.0957,7.94,0.517,16.39,38.89,30.0,31.1
KE_00280,Makueni,IV,-2.0143,37.822,1621.5,611.4,6.49,0.71,0.0592,6.24,0.344,20.92,45.39,32.12,22.49
KE_00281,Makueni,IV,-1.8771,37.704,785.0,718.8,6.55,1.389,0.1014,5.12,0.887,15.71,27.38,35.17,37.46
KE_00282,Makueni,IV,-1.8844,37.5844,1924.3,955.2,6.19,0.888,0.0967,14.84,0.398,20.02,32.97,52.36,14.66
KE_00283,Makueni,IV,-1.8745,37.5596,950.2,925.3,5.56,0.778,0.1038,14.45,0.977,13.8,18.64,45.95,35.41
KE_00284,Makueni,IV,-1.8255,37.7421,1134.3,669.1,6.57,0.341,0.0381,24.73,0.7,12.29,40.53,49.21,10.26
KE_00285,Makueni,IV,-1.625,37.5407,1587.5,1012.3,6.66,1.129,0.1119,9.26,0.458,12.23,47.52,34.06,18.42
KE_00286,Kitui,IV,-1.2781,37.8995,1267.3,753.2,5.83,0.965,0.1022,9.46,0.737,19.75,31.52,54.84,13.63
KE_00287,Kitui,IV,-1.418,37.7683,1316.5,584.3,5.71,1.054,0.103,14.92,0.982,19.44,38.09,40.48,21.43
KE_00288,Kitui,IV,-1.1786,37.8101,816.3,564.5,6.03,0.506,0.0651,7.79,0.828,17.69,35.43,37.76,26.81
KE_00289,Kitui,IV,-1.2887,37.8849,1308.9,732.6,6.56,1.189,0.1172,6.43,1.073,15.25,38.15,35.13,26.72
KE_00290,Kitui,IV,-1.3193,37.7266,885.1,747.7,6.47,1.437,0.1558,12.35,0.648,17.53,43.58,44.54,11.88
KE_00291,Kitui,IV,-1.1616,38.2561,1425.3,683.2,6.48,0.576,0.0656,31.63,0.406,6.55,28.23,24.2,47.57
KE_00292,Kitui,IV,-1.6758,38.0143,1341.8,867.7,6.03,1.179,0.0926,26.74,0.69,10.68,31.75,40.14,28.11
KE_00293,Kitui,IV,-1.571,38.0989,1408.9,718.9,6.24,0.785,0.0726,5.52,0.65,14.6,27.37,36.15,36.48
KE_00294,Kitui,IV,-1.4437,37.9968,775.1,775.1,7.22,0.629,0.0418,6.24,0.535,22.99,38.42,46.9,14.69
KE_00295,Kitui,IV,-1.5387,37.5841,2044.4,850.0,5.72,1.262,0.1315,3.78,0.675,19.66,28.68,45.61,25.72
KE_00296,Kitui,IV,-1.3817,38.069,1283.8,808.7,6.03,1.037,0.0953,23.98,0.712,19.81,30.1,46.0,23.9
KE_00297,Kajiado,IV,-1.9894,36.6162,1102.3,984.0,6.16,0.516,0.0464,7.93,0.34,18.32,24.09,27.03,48.87
KE_00298,Kajiado,IV,-1.6766,36.7581,831.5,598.9,6.5,0.824,0.0761,4.03,0.375,15.03,27.54,53.64,18.82
KE_00299,Kajiado,IV,-1.9884,36.8306,713.1,981.5,5.64,1.41,0.1179,31.84,0.331,17.8,21.97,33.1,44.93
KE_00300,Kajiado,IV,-1.9632,36.6904,730.6,947.1,5.45,1.195,0.1131,13.11,0.766,25.3,36.57,45.15,18.28
KE_00301,Kajiado,IV,-2.0189,36.7821,712.9,634.0,6.2,0.772,0.0635,6.2,0.685,23.98,38.38,45.09,16.53
KE_00302,Kajiado,IV,-1.8341,36.777,1719.6,566.7,7.02,0.753,0.0866,9.36,0.887,17.78,14.76,36.4,48.84
KE_00303,Kajiado,IV,-1.8746,36.8354,708.1,761.6,6.84,0.715,0.0563,14.51,0.695,12.26,28.42,33.16,38.42
KE_00304,Kajiado,IV,-1.6653,36.7885,1007.0,790.9,6.5,1.549,0.1853,8.87,0.432,5.1,27.99,39.43,32.59
KE_00305,Kajiado,IV,-1.9677,36.5954,1246.4,820.8,6.33,1.033,0.1181,14.96,0.567,5.98,29.04,32.25,38.71
KE_00306,Kajiado,IV,-1.667,37.083,1104.8,922.9,6.31,0.98,0.1304,10.38,0.442,13.44,36.11,23.93,39.96
KE_00307,Kajiado,IV,-1.7488,37.0331,820.7,878.9,5.23,0.753,0.0755,9.5,0.873,11.13,44.3,33.59,22.1
KE_00308,Kajiado,IV,-1.7734,36.9716,1101.9,990.1,7.21,1.177,0.1327,10.16,0.492,20.48,38.63,43.35,18.02
KE_00309,Narok,IV,-0.7867,36.2061,860.7,702.7,6.89,0.588,0.065,10.92,1.083,21.43,27.12,36.83,36.05
KE_00310,Narok,IV,-1.2127,35.5775,1377.4,934.5,6.26,0.447,0.0592,6.32,0.42,6.41,32.26,16.76,50.98
KE_00311,Narok,IV,-1.0742,35.9347,1363.9,938.0,5.75,1.07,0.1267,6.33,0.541,3.69,24.78,36.95,38.27
KE_00312,Narok,IV,-1.1976,35.6771,601.8,946.0,6.55,1.087,0.0969,17.53,0.375,7.13,22.23,39.22,38.55
KE_00313,Narok,IV,-1.236,35.776,1017.0,652.7,6.48,1.628,0.1792,15.92,0.322,18.8,44.23,42.1,13.67
KE_00314,Narok,IV,-1.0632,35.7653,995.9,885.0,6.08,0.555,0.0453,7.1,0.32,19.07,49.49,36.94,13.57
KE_00315,Narok,IV,-1.1968,35.762,1231.7,676.3,6.65,0.608,0.0564,5.04,0.377,22.66,32.26,40.81,26.92
KE_00316,Narok,IV,-0.8758,35.7072,663.6,661.1,6.13,0.994,0.0915,18.69,0.79,19.69,27.29,36.27,36.44
KE_00317,Narok,IV,-0.9452,36.0285,658.8,1014.1,5.72,1.226,0.1078,12.85,0.989,14.0,17.86,46.89,35.25
KE_00318,Narok,IV,-1.0595,36.0073,1167.6,796.2,6.31,0.986,0.0753,10.08,0.264,9.23,25.24,31.2,43.56
KE_00319,Narok,IV,-1.1754,35.9117,1102.8,905.7,6.64,1.092,0.1156,30.43,0.846,23.59,12.06,40.77,47.17
KE_00320,Narok,IV,-1.1037,35.7433,1308.4,613.6,6.37,1.298,0.1188,10.46,0.863,10.15,31.35,47.11,21.54
KE_00321,Narok,IV,-1.0212,36.0302,1484.1,519.4,6.1,0.794,0.0792,19.56,0.692,11.88,34.71,32.78,32.51
KE_00322,Laikipia,IV,0.3683,36.5948,1279.4,746.1,6.96,0.478,0.0281,11.75,0.446,15.2,40.39,26.77,32.84
KE_00323,Laikipia,IV,0.5179,36.9022,1360.5,789.3,6.24,1.042,0.1111,9.31,0.885,11.53,19.76,38.4,41.84
KE_00324,Laikipia,IV,0.5598,36.8606,1718.7,842.8,6.85,0.95,0.0967,12.9,0.421,20.5,31.86,40.06,28.08
KE_00325,Laikipia,IV,0.2426,36.8134,1590.9,946.8,5.29,0.641,0.0702,8.67,0.616,15.57,46.42,53.0,5.0
KE_00326,Laikipia,IV,0.7812,36.9046,1134.6,866.8,6.76,0.928,0.092,9.22,0.741,15.36,23.48,38.67,37.85
KE_00327,Laikipia,IV,0.3946,36.8546,1258.9,645.3,6.7,1.202,0.1325,18.0,0.326,20.27,25.68,34.46,39.86
KE_00328,Laikipia,IV,0.0824,36.8073,1407.1,615.2,6.77,1.32,0.1467,14.71,0.599,12.62,31.45,45.25,23.31
KE_00329,Laikipia,IV,0.4866,36.5886,1582.8,513.8,6.29,0.798,0.0815,13.08,0.529,5.6,39.45,39.8,20.75
KE_00330,Laikipia,IV,0.1542,36.7373,1507.9,954.0,5.67,1.074,0.1003,10.55,0.256,11.13,31.55,35.76,32.68
KE_00331,Laikipia,IV,0.4841,37.1849,931.0,751.2,5.84,1.506,0.1676,5.97,0.623,11.85,28.05,37.44,34.52
KE_00332,Laikipia,IV,0.2965,36.6777,1416.5,519.5,5.68,0.656,0.0639,5.31,0.469,14.93,30.28,31.49,38.23
KE_00333,Laikipia,IV,0.2686,36.6708,1888.0,922.1,6.96,0.547,0.0449,5.86,0.64,18.44,31.37,36.17,32.47
KE_00334,Baringo,IV,0.5316,35.9383,1265.8,787.8,6.74,1.435,0.1089,7.22,0.764,9.65,45.75,32.83,21.42
KE_00335,Baringo,IV,0.5888,35.8874,1024.7,979.1,5.88,1.067,0.1252,23.84,0.604,12.02,29.61,46.47,23.92
KE_00336,Baringo,IV,0.3576,35.9398,1435.2,672.0,6.35,0.644,0.0739,7.1,0.808,16.05,24.12,39.95,35.92
KE_00337,Baringo,IV,0.4418,36.152,1587.4,831.2,6.57,1.409,0.1029,13.84,0.057,14.96,33.26,37.78,28.96
KE_00338,Baringo,IV,0.5333,36.1695,594.0,995.2,5.56,0.651,0.0741,8.11,0.722,18.43,25.29,40.54,34.17
KE_00339,Baringo,IV,0.6863,35.8961,1578.5,536.8,7.44,0.928,0.09,7.6,1.032,10.56,38.17,42.85,18.98
KE_00340,Baringo,IV,0.3699,35.8631,350.3,804.8,6.9,1.18,0.122,6.64,0.05,17.62,22.24,23.86,53.9
KE_00341,Baringo,IV,0.5921,35.9923,1387.0,952.9,6.1,0.93,0.1079,3.78,0.543,13.76,37.01,40.36,22.62
KE_00342,Baringo,IV,0.5755,36.2962,1699.6,540.7,6.18,0.727,0.1018,7.1,0.482,18.59,30.74,34.87,34.4
KE_00343,West Pokot,IV,1.3515,35.0979,1202.6,967.4,5.58,0.834,0.0939,8.96,0.138,10.62,30.47,36.41,33.12
KE_00344,West Pokot,IV,1.1929,35.041,934.3,778.6,6.81,0.939,0.0855,5.29,0.866,13.63,40.51,42.49,17.0
KE_00345,West Pokot,IV,1.4377,35.2315,1525.2,568.9,5.73,1.363,0.1387,14.33,0.463,16.1,20.17,24.18,55.65
KE_00346,West Pokot,IV,1.4344,35.1028,1398.8,717.2,6.31,1.037,0.0916,16.67,0.744,10.94,34.91,34.21,30.88
KE_00347,West Pokot,IV,1.5474,35.0285,1320.5,757.5,6.52,0.774,0.0838,13.26,0.967,16.45,24.79,45.01,30.2
KE_00348,West Pokot,IV,1.7088,35.1481,1286.5,881.0,5.78,1.034,0.0878,5.71,0.569,15.15,30.97,35.27,33.75
KE_00349,West Pokot,IV,1.2615,34.9362,1244.6,867.5,6.92,0.836,0.0756,5.45,0.568,20.77,30.78,33.85,35.38
KE_00350,West Pokot,IV,1.3829,34.9028,1241.3,694.3,5.21,1.401,0.135,7.09,0.869,15.4,26.73,45.44,27.83
KE_00351,West Pokot,IV,1.4597,35.1423,895.5,973.2,7.5,1.115,0.1241,11.38,0.522,14.0,21.95,45.32,32.73
KE_00352,West Pokot,IV,1.3441,35.2106,1420.3,572.1,5.69,0.639,0.0465,3.4,0.595,13.33,33.45,30.6,35.94
KE_00353,West Pokot,IV,1.1241,35.0962,677.9,829.4,7.49,1.166,0.1115,8.43,0.916,11.99,25.14,41.15,33.71
KE_00354,West Pokot,IV,1.3299,35.0605,1724.3,609.0,6.58,0.968,0.082,9.89,0.816,12.29,31.56,41.72,26.72
KE_00355,West Pokot,IV,1.3674,35.0851,903.5,695.1,6.35,1.456,0.13,28.43,0.83,16.42,30.21,35.17,34.63
KE_00356,Taita-Taveta,IV,-3.4298,38.3477,1129.2,1001.6,6.57,0.347,0.0239,11.91,0.698,15.24,21.77,58.7,19.52
KE_00357,Taita-Taveta,IV,-3.3835,38.5725,1107.9,796.2,6.77,1.039,0.0882,5.32,0.393,8.17,26.32,19.41,54.27
KE_00358,Taita-Taveta,IV,-3.4801,38.5026,1384.2,1010.5,6.98,0.627,0.0574,16.8,0.179,13.42,30.09,44.67,25.23
KE_00359,Taita-Taveta,IV,-3.5117,38.4178,1147.8,602.6,6.99,0.744,0.0715,7.73,0.725,16.01,28.62,46.0,25.39
KE_00360,Taita-Taveta,IV,-3.504,38.5182,1313.4,949.3,5.69,0.829,0.0816,8.56,0.358,21.04,26.71,36.54,36.75
KE_00361,Taita-Taveta,IV,-3.6065,38.2624,1457.0,595.0,6.76,0.851,0.0602,5.83,0.676,21.66,17.11,40.9,41.99
KE_00362,Taita-Taveta,IV,-3.4632,38.3103,942.7,962.1,6.95,1.499,0.1684,5.04,0.691,18.26,39.06,39.4,21.54
KE_00363,Taita-Taveta,IV,-3.4753,38.3289,1200.2,541.9,5.2,1.46,0.1769,8.0,0.531,14.08,33.51,43.11,23.38
KE_00364,Taita-Taveta,IV,-3.4436,38.3909,1063.1,836.7,6.2,1.025,0.0989,4.69,0.797,20.12,28.77,43.91,27.32
KE_00365,Taita-Taveta,IV,-3.1707,38.5348,1082.3,866.6,5.61,0.941,0.1223,5.05,0.562,17.62,30.98,46.41,22.62
KE_00366,Taita-Taveta,IV,-3.449,38.6047,526.5,513.4,6.86,0.912,0.1052,7.15,0.927,4.64,24.38,43.51,32.1
KE_00367,Kwale,IV,-3.9156,39.4413,588.3,625.6,6.02,0.449,0.0435,19.81,0.855,11.79,30.3,27.24,42.46
KE_00368,Kwale,IV,-4.3644,39.6285,1268.7,830.7,6.55,0.983,0.0916,5.96,0.559,13.85,23.98,42.79,33.22
KE_00369,Kwale,IV,-4.2893,39.5056,1179.6,870.8,6.56,1.06,0.1041,5.25,0.828,13.56,43.93,44.71,11.37
KE_00370,Kwale,IV,-4.2155,39.5388,828.1,669.7,6.65,1.237,0.1238,6.49,0.601,16.03,37.91,43.43,18.66
KE_00371,Kwale,IV,-4.1363,39.7606,1043.7,877.2,6.35,1.16,0.1136,12.01,0.73,16.28,32.03,45.94,22.03
KE_00372,Kwale,IV,-3.8972,39.3208,1602.5,834.7,6.48,1.588,0.1627,16.25,0.573,23.66,15.06,43.01,41.93
KE_00373,Kwale,IV,-4.1642,39.5054,1313.3,759.4,6.12,1.313,0.1075,7.08,0.464,13.11,26.01,42.15,31.84
KE_00374,Kwale,IV,-4.0562,39.5579,698.0,662.7,5.42,1.088,0.0988,9.75,0.975,17.86,25.78,39.5,34.71
KE_00375,Kwale,IV,-4.1514,39.3571,1032.9,847.3,6.24,1.115,0.1279,15.95,0.291,13.0,29.28,26.32,44.39
KE_00376,Kwale,IV,-4.2619,39.4789,1491.0,547.3,6.04,0.808,0.0894,15.53,0.332,24.48,31.01,36.84,32.15
KE_00377,Kwale,IV,-4.3136,39.5679,681.1,731.3,7.01,1.376,0.1517,26.53,0.665,18.98,43.17,30.71,26.12
KE_00378,Kilifi,IV,-3.5591,39.8277,1118.6,736.8,6.46,0.917,0.0979,7.01,0.254,19.8,30.9,31.32,37.79
KE_00379,Kilifi,IV,-3.4276,39.9143,1497.9,806.6,6.17,1.146,0.0871,14.43,0.545,16.77,29.78,42.92,27.29
KE_00380,Kilifi,IV,-3.6288,40.0111,1088.0,790.9,6.99,1.171,0.125,11.6,0.712,13.31,33.52,47.62,18.86
KE_00381,Kilifi,IV,-3.573,39.8662,1428.4,663.0,6.85,1.041,0.1064,10.32,0.714,16.22,15.25,30.82,53.93
KE_00382,Kilifi,IV,-3.3812,40.0353,925.0,602.3,6.23,1.132,0.0731,14.55,0.511,23.45,43.74,53.39,5.0
KE_00383,Kilifi,IV,-3.4364,39.8384,1440.8,519.8,6.93,1.098,0.1239,13.01,0.333,14.19,27.39,40.05,32.57
KE_00384,Kilifi,IV,-3.4131,39.9481,1914.3,850.4,6.34,1.378,0.1169,6.4,0.279,17.75,24.73,37.19,38.08
KE_00385,Kilifi,IV,-3.3919,39.8783,1375.8,523.6,6.4,1.57,0.1648,10.61,0.23,6.55,30.59,34.93,34.48
KE_00386,Kilifi,IV,-3.4804,39.7941,1419.9,539.2,7.31,1.289,0.1423,6.82,0.356,25.72,34.77,45.61,19.63
KE_00387,Kilifi,IV,-3.5409,39.8241,934.2,910.5,6.17,1.227,0.1455,9.53,0.411,7.79,37.18,53.55,9.26
KE_00388,Kilifi,IV,-3.433,39.7037,627.3,848.6,5.85,1.27,0.1017,9.03,0.835,13.6,21.1,28.1,50.79
KE_00389,Kilifi,IV,-3.4151,40.2937,1398.4,578.6,6.18,0.399,0.0533,21.31,0.48,12.71,30.33,38.71,30.96
KE_00390,Kilifi,IV,-3.6106,40.0434,1415.3,831.1,6.91,1.156,0.1569,12.32,0.731,15.07,29.0,20.75,50.25
KE_00391,Tana River,V,-1.4085,39.3881,355.0,302.6,7.53,0.805,0.0885,16.34,1.69,14.48,16.85,60.38,22.76
KE_00392,Tana River,V,-1.603,39.9089,666.0,430.5,7.12,0.616,0.0732,15.78,0.808,11.14,21.55,47.61,30.85
KE_00393,Tana River,V,-1.7251,39.648,718.6,379.2,7.82,0.439,0.0429,8.95,1.749,6.06,17.29,60.89,21.82
KE_00394,Tana River,V,-1.4737,39.5552,663.3,564.5,7.2,0.496,0.0616,3.8,0.921,3.0,23.22,66.03,10.75
KE_00395,Tana River,V,-1.6508,39.5536,520.4,332.5,6.8,0.531,0.0525,12.21,1.566,8.99,12.78,64.0,23.23
KE_00396,Tana River,V,-1.4609,39.6963,379.0,308.2,6.1,0.2,0.0222,12.74,1.342,15.1,21.19,47.54,31.28
KE_00397,Tana River,V,-1.5523,39.4063,860.9,384.3,7.26,0.612,0.0411,8.66,1.069,3.0,12.23,60.78,26.98
KE_00398,Tana River,V,-1.7758,39.5778,485.4,362.1,7.17,0.686,0.0755,13.04,1.208,7.9,23.23,60.94,15.83
KE_00399,Tana River,V,-1.397,39.6773,404.7,352.0,7.21,0.87,0.06,8.06,0.68,18.71,13.25,64.83,21.92
KE_00400,Lamu,V,-2.4619,40.8091,945.6,544.8,7.54,0.729,0.0585,6.04,1.014,8.03,10.36,47.23,42.41
KE_00401,Lamu,V,-2.4514,40.7555,682.7,441.7,6.53,0.832,0.0679,9.61,1.692,10.57,32.79,66.34,5.0
KE_00402,Lamu,V,-2.2859,41.1446,530.3,339.1,7.08,0.253,0.0548,12.32,1.592,13.07,24.56,43.0,32.44
KE_00403,Lamu,V,-2.3443,41.0822,644.7,577.3,7.5,0.874,0.0869,5.71,1.229,11.2,21.53,57.66,20.81
KE_00404,Lamu,V,-2.2497,41.055,579.9,452.6,6.8,0.738,0.0826,4.75,1.217,9.69,16.13,55.83,28.04
KE_00405,Lamu,V,-2.0639,40.806,1058.8,420.3,8.37,0.73,0.0591,6.68,1.502,14.0,19.51,45.13,35.36
KE_00406,Lamu,V,-2.402,40.6811,479.0,504.9,6.84,0.412,0.0322,30.58,1.604,8.15,24.69,51.38,23.93
KE_00407,Lamu,V,-2.4049,40.8463,492.7,555.8,7.24,0.329,0.0211,7.36,1.671,11.38,22.43,66.96,10.62
KE_00408,Lamu,V,-2.4278,40.5604,564.3,495.3,7.53,0.384,0.0525,5.73,1.822,14.0,17.25,57.69,25.06
KE_00409,Lamu,V,-2.2154,40.7293,432.0,505.7,7.37,0.426,0.0597,6.21,1.845,10.71,18.07,61.82,20.11
KE_00410,Lamu,V,-2.104,40.8791,660.0,562.6,7.52,0.633,0.0772,18.51,1.472,8.43,21.91,66.31,11.78
KE_00411,Lamu,V,-2.3163,40.6165,1119.5,411.7,7.15,1.035,0.0821,8.18,1.189,7.99,9.72,47.95,42.33
KE_00412,Lamu,V,-2.4344,40.6617,740.4,373.9,7.6,0.565,0.0513,5.49,0.271,12.68,35.02,54.93,10.05
KE_00413,Samburu,V,1.1281,36.9439,664.4,420.2,6.96,0.343,0.0495,9.13,0.41,11.41,32.4,52.8,14.79
KE_00414,Samburu,V,1.0841,37.0252,545.7,503.2,6.6,0.654,0.0614,12.75,1.755,10.43,18.98,54.66,26.37
KE_00415,Samburu,V,1.2948,36.8494,898.1,612.6,8.5,0.734,0.0844,7.06,1.236,15.82,28.58,55.13,16.29
KE_00416,Samburu,V,1.1814,36.8797,695.9,472.8,6.73,0.665,0.0792,19.85,0.839,14.01,14.62,28.94,56.44
KE_00417,Samburu,V,1.4495,37.1626,303.2,315.1,7.67,0.819,0.0717,6.99,2.023,3.44,14.26,53.6,32.14
KE_00418,Samburu,V,0.8294,36.6567,518.6,339.6,6.88,0.759,0.0933,8.2,1.413,9.24,10.87,63.14,25.99
KE_00419,Samburu,V,1.3491,37.0016,646.6,317.5,7.45,0.1,0.01,14.6,1.154,8.91,21.16,55.24,23.6
KE_00420,Samburu,V,1.2067,37.0171,801.4,466.6,7.76,0.222,0.0311,14.35,1.065,6.09,17.83,47.19,34.98
KE_00421,Samburu,V,1.4574,37.0769,575.7,546.7,6.86,0.346,0.0335,20.86,1.112,10.76,23.8,41.91,34.29
KE_00422,Samburu,V,1.3646,36.8708,907.0,457.7,6.79,0.202,0.01,11.31,0.976,16.04,17.65,55.67,26.68
KE_00423,Samburu,V,1.257,36.9913,961.7,580.6,7.51,0.658,0.066,11.13,0.976,13.58,21.19,43.4,35.42
KE_00424,Isiolo,V,0.2186,37.6329,1094.9,446.2,7.03,0.496,0.0639,3.18,1.303,7.65,18.88,48.43,32.68
KE_00425,Isiolo,V,0.1203,38.007,710.3,531.8,6.78,0.662,0.0456,2.69,1.309,13.4,12.35,61.11,26.54
KE_00426,Isiolo,V,0.5938,37.4537,733.7,394.4,7.25,0.275,0.01,9.0,1.377,9.98,16.44,43.69,39.87
KE_00427,Isiolo,V,0.4108,37.6863,752.0,471.5,7.27,0.139,0.0103,4.6,1.331,11.17,24.04,47.97,27.99
KE_00428,Isiolo,V,0.2121,37.621,510.7,250.5,7.54,0.437,0.0443,29.98,1.439,7.4,18.32,71.75,9.93
KE_00429,Isiolo,V,0.0893,37.6257,1073.2,285.4,7.61,0.637,0.0613,3.56,0.719,12.65,13.37,41.89,44.74
KE_00430,Isiolo,V,0.111,37.5293,207.6,635.4,6.7,0.416,0.029,5.85,1.451,6.37,29.43,46.89,23.67
KE_00431,Isiolo,V,0.2357,37.5428,520.8,430.2,7.81,0.533,0.0288,9.07,1.287,7.0,14.44,58.01,27.55
KE_00432,Isiolo,V,0.15,37.7662,603.5,463.9,7.39,0.437,0.0475,3.7,1.021,13.93,21.65,42.48,35.87
KE_00433,Marsabit,VI,2.2614,38.0066,503.9,412.4,7.88,0.351,0.0413,5.53,0.699,16.78,24.22,53.03,22.75
KE_00434,Marsabit,VI,2.2711,38.0217,0.0,359.0,7.63,0.364,0.0396,5.91,0.923,10.35,35.04,56.54,8.41
KE_00435,Marsabit,VI,2.2336,38.0926,102.0,351.6,7.64,0.103,0.0118,14.0,1.197,9.73,29.41,60.44,10.15
KE_00436,Marsabit,VI,2.4499,38.0948,546.4,292.1,8.44,0.403,0.0455,8.63,1.661,7.03,11.24,52.82,35.95
KE_00437,Marsabit,VI,2.2499,37.5303,621.2,222.1,7.57,0.221,0.0338,7.68,1.776,3.7,18.52,56.28,25.2
KE_00438,Marsabit,VI,2.3555,37.8517,190.1,303.1,8.38,0.424,0.0316,12.75,0.607,4.21,27.55,47.77,24.67
KE_00439,Marsabit,VI,2.4801,37.9186,777.3,241.6,7.93,0.32,0.0397,6.46,0.536,19.22,18.74,48.14,33.13
KE_00440,Marsabit,VI,2.4719,38.1674,325.1,269.2,7.69,0.39,0.0356,14.83,1.167,8.1,27.04,61.88,11.08
KE_00441,Marsabit,VI,2.1944,37.9082,493.4,374.1,7.67,0.335,0.0395,11.19,1.296,3.67,24.77,49.93,25.31
KE_00442,Marsabit,VI,2.259,38.0119,517.7,366.3,7.94,0.172,0.0313,5.47,1.056,6.3,18.65,50.25,31.1
KE_00443,Mandera,VI,4.0788,41.8805,558.0,390.8,7.59,0.402,0.0348,9.71,0.782,14.22,24.2,66.76,9.04
KE_00444,Mandera,VI,3.8589,41.9375,602.7,199.4,8.04,0.37,0.0492,5.31,0.739,9.64,20.2,61.85,17.95
KE_00445,Mandera,VI,4.1558,41.7899,576.1,235.2,7.97,0.306,0.0355,11.7,1.142,11.19,12.68,69.77,17.55
KE_00446,Mandera,VI,3.6709,41.8591,298.5,277.6,8.2,0.541,0.051,11.3,1.587,9.56,13.6,63.14,23.26
KE_00447,Mandera,VI,4.2083,41.9441,531.4,348.5,7.79,0.259,0.0189,14.33,0.549,6.83,22.6,50.49,26.91
KE_00448,Mandera,VI,3.7549,41.8077,706.6,244.3,7.86,0.283,0.0244,22.81,1.133,3.73,13.18,56.58,30.24
KE_00449,Mandera,VI,4.2025,41.8792,699.3,330.4,7.33,0.341,0.0375,5.67,0.364,15.27,18.64,55.45,25.91
KE_00450,Mandera,VI,4.2188,41.968,745.9,428.3,8.84,0.403,0.0474,10.1,1.347,12.07,22.62,42.95,34.43
KE_00451,Mandera,VI,4.1089,41.8456,182.6,280.8,8.47,0.24,0.044,4.27,1.554,4.48,25.38,48.05,26.57
KE_00452,Wajir,VI,1.9491,40.3914,628.3,300.6,7.36,0.184,0.01,6.49,1.062,11.26,16.6,51.04,32.35
KE_00453,Wajir,VI,1.5276,40.0036,420.9,307.5,8.24,0.112,0.01,8.02,1.884,12.84,8.47,42.91,48.62
KE_00454,Wajir,VI,2.0858,39.9192,496.7,367.3,7.65,0.1,0.0278,21.96,1.142,14.49,22.32,45.64,32.03
KE_00455,Wajir,VI,1.8972,40.1604,694.8,177.8,7.73,0.1,0.01,4.12,1.609,4.94,11.78,55.79,32.43
KE_00456,Wajir,VI,2.0582,40.1474,438.0,265.4,7.86,0.291,0.023,7.37,1.424,3.58,14.44,45.23,40.34
KE_00457,Wajir,VI,1.9632,40.0625,756.9,324.3,7.78,0.287,0.0447,11.2,1.586,7.1,14.75,50.89,34.36
KE_00458,Wajir,VI,1.9066,40.0568,410.7,263.6,7.83,0.187,0.0194,28.8,0.774,6.59,23.37,60.93,15.69
KE_00459,Wajir,VI,1.8057,40.1343,419.5,249.9,8.12,0.1,0.0191,10.14,0.778,3.0,26.56,34.94,38.5
KE_00460,Wajir,VI,1.8638,40.1,552.9,202.7,7.63,0.512,0.0678,10.92,0.944,18.14,22.15,52.49,25.36
KE_00461,Wajir,VI,1.6338,40.0021,680.1,281.6,7.84,0.437,0.0502,5.35,1.368,10.15,25.47,62.3,12.24
KE_00462,Wajir,VI,1.6123,40.1561,318.8,211.0,8.15,0.517,0.0545,23.53,1.108,11.81,25.93,48.21,25.86
KE_00463,Wajir,VI,1.6416,40.0076,284.0,248.0,7.08,0.444,0.0485,10.76,1.511,15.21,15.85,62.75,21.4
KE_00464,Wajir,VI,2.0611,39.9421,405.4,277.3,8.16,0.649,0.0584,9.94,1.59,11.61,22.74,42.16,35.09
KE_00465,Garissa,VI,-0.3578,39.7193,369.8,165.2,8.51,0.352,0.0429,6.43,1.551,10.58,28.15,54.44,17.42
KE_00466,Garissa,VI,-0.4088,39.5729,401.3,354.6,6.93,0.224,0.0364,13.58,1.303,14.78,23.99,45.07,30.94
KE_00467,Garissa,VI,-0.6571,39.8117,534.6,366.6,7.29,0.395,0.0325,7.34,1.426,7.91,17.81,51.89,30.3
KE_00468,Garissa,VI,-0.6331,39.4979,610.7,318.4,8.67,0.485,0.047,9.24,1.582,3.0,25.35,51.16,23.49
KE_00469,Garissa,VI,-0.5474,39.441,773.9,213.7,7.89,0.388,0.0349,7.43,1.326,12.96,16.36,49.67,33.98
KE_00470,Garissa,VI,-0.4619,39.7164,738.2,283.8,8.31,0.344,0.0239,2.89,1.115,6.54,26.66,58.12,15.22
KE_00471,Garissa,VI,-0.4559,39.6229,192.4,242.9,7.55,0.303,0.026,5.26,2.256,8.38,21.93,63.46,14.62
KE_00472,Garissa,VI,-0.5741,39.8872,270.3,322.3,7.04,0.309,0.0282,8.11,0.927,7.63,27.45,61.89,10.66
KE_00473,Garissa,VI,-0.4369,39.63,355.0,221.0,8.74,0.41,0.0588,29.37,1.172,16.13,27.28,49.37,23.35
KE_00474,Garissa,VI,-0.3497,39.679,572.7,385.9,7.65,0.199,0.0122,4.2,1.246,5.04,12.76,48.64,38.6
KE_00475,Garissa,VI,-0.5513,39.4573,481.6,403.3,8.18,0.573,0.0526,23.23,1.005,12.53,19.45,64.56,15.99
KE_00476,Garissa,VI,-0.5683,39.846,799.1,230.5,7.88,0.231,0.0249,5.47,1.009,11.49,20.38,51.06,28.56
KE_00477,Garissa,VI,-0.7516,39.6859,407.0,174.0,7.61,0.478,0.0395,31.3,1.007,15.59,13.0,54.0,32.99
KE_00478,Turkana,VI,3.2107,35.7307,771.4,229.4,7.39,0.298,0.0148,17.06,0.533,8.15,34.65,54.8,10.55
KE_00479,Turkana,VI,2.9642,35.6653,633.2,216.1,7.29,0.22,0.0115,16.53,1.442,8.62,21.65,57.56,20.79
KE_00480,Turkana,VI,3.0974,35.7377,431.3,283.2,7.85,0.488,0.056,10.33,1.253,17.69,5.0,50.53,44.47
KE_00481,Turkana,VI,3.3345,35.6693,573.8,421.0,8.13,0.307,0.0326,8.95,1.461,7.88,13.68,71.15,15.17
KE_00482,Turkana,VI,3.2127,35.436,877.9,367.7,7.86,0.146,0.013,3.92,0.906,8.03,14.08,66.94,18.99
KE_00483,Turkana,VI,3.2087,35.6556,703.5,235.2,7.76,0.294,0.0452,7.56,1.606,9.71,25.86,51.31,22.82
KE_00484,Turkana,VI,3.263,35.7967,140.2,388.9,8.35,0.294,0.0243,16.23,2.116,3.0,18.32,55.02,26.66
KE_00485,Turkana,VI,3.0476,35.4523,609.5,244.1,7.87,0.335,0.0482,5.3,1.611,12.39,19.77,48.51,31.73
KE_00486,Turkana,VI,3.1344,35.4946,475.3,296.9,7.49,0.1,0.01,7.79,1.597,11.07,21.52,48.67,29.81
KE_00487,Turkana,VI,3.1166,35.5843,673.0,258.8,8.16,0.377,0.0289,38.56,1.015,9.33,25.05,48.64,26.31
KE_00488,Turkana,VI,3.1129,35.3364,311.6,267.0,7.27,0.435,0.0481,3.66,1.319,3.83,23.4,47.72,28.88
KE_00489,Nairobi,III,-1.3678,37.0895,1269.0,1481.1,5.32,1.787,0.1653,11.51,0.442,27.19,23.34,22.96,53.7
KE_00490,Nairobi,III,-1.474,36.7848,1362.6,1415.3,5.8,2.126,0.2642,12.24,0.794,22.18,37.82,23.43,38.75
KE_00491,Nairobi,III,-1.3333,36.8572,1230.1,1170.2,5.78,1.308,0.1031,9.27,0.424,20.57,48.73,31.64,19.62
KE_00492,Nairobi,III,-1.1364,36.9861,1427.4,1123.2,6.02,1.535,0.1607,6.01,0.309,19.52,45.26,38.24,16.51
KE_00493,Nairobi,III,-1.1251,37.0313,1771.6,1451.5,5.56,1.684,0.1711,13.1,0.58,32.47,51.88,31.98,16.14
KE_00494,Nairobi,III,-1.236,36.4431,1627.4,1350.2,5.08,1.702,0.1572,19.15,0.379,22.88,39.56,32.3,28.14
KE_00495,Nairobi,III,-1.1642,36.8668,1629.6,1241.6,5.73,1.552,0.1504,2.73,0.227,15.99,37.62,21.32,41.06
KE_00496,Nairobi,III,-1.3619,36.7901,1451.1,1110.9,5.82,1.521,0.1352,8.59,0.723,34.39,46.26,33.74,20.0
KE_00497,Mombasa,IV,-4.0705,39.5786,890.6,701.3,6.25,1.21,0.1448,39.72,0.546,14.88,25.35,36.88,37.76
KE_00498,Mombasa,IV,-4.1646,39.3965,957.3,779.3,6.71,1.666,0.1419,11.75,0.885,17.19,35.91,29.93,34.15
KE_00499,Mombasa,IV,-4.218,39.2966,1750.9,623.1,6.78,1.192,0.1203,8.32,0.806,8.8,17.3,56.85,25.85
KE_00500,Mombasa,IV,-4.3348,39.6626,1457.3,913.1,7.11,1.364,0.1684,5.45,0.6,10.18,10.29,38.18,51.53
KE_00501,Mombasa,IV,-4.0461,39.7616,1137.9,984.1,6.31,1.888,0.1617,9.97,0.277,9.56,34.33,46.62,19.05
KE_00502,Mombasa,IV,-4.0816,39.8077,1554.6,897.6,5.79,1.266,0.1119,5.09,0.05,21.25,20.23,44.93,34.84
KE_00503,Mombasa,IV,-3.986,39.7028,1220.2,899.3,6.63,1.03,0.1346,13.61,0.778,20.78,40.42,41.05,18.53
KE_00504,Mombasa,IV,-3.9817,39.833,1157.9,851.7,5.73,0.657,0.0713,12.9,0.602,14.2,17.53,31.81,50.67
KE_00505,Mombasa,IV,-4.2963,39.5799,1346.3,551.8,5.91,1.409,0.146,11.11,0.693,11.17,37.01,44.67,18.32
KE_00506,Mombasa,IV,-4.2244,39.5802,1224.9,676.4,7.08,0.839,0.0975,6.01,0.392,11.48,33.18,47.12,19.69
